{
  "loss": [
    5.250380039215088,
    4.69503927230835,
    4.435220718383789,
    4.255512714385986,
    4.122439861297607,
    4.022858619689941,
    3.945098876953125,
    3.881704568862915,
    3.8312323093414307,
    3.785857915878296,
    3.7506818771362305,
    3.7180733680725098,
    3.68967604637146,
    3.6637418270111084,
    3.6414780616760254,
    3.6196343898773193,
    3.6038312911987305,
    3.586229085922241,
    3.5729174613952637,
    3.5593740940093994,
    3.5420074462890625,
    3.5307061672210693,
    3.518000841140747,
    3.5092718601226807,
    3.498403787612915,
    3.4894003868103027,
    3.4805867671966553,
    3.4710075855255127,
    3.4612042903900146,
    3.4540276527404785,
    3.4495484828948975,
    3.4403011798858643,
    3.4348948001861572,
    3.428713083267212,
    3.420670509338379,
    3.4164412021636963,
    3.411890983581543,
    3.4073424339294434,
    3.4009883403778076,
    3.3966243267059326,
    3.3890039920806885,
    3.38651180267334,
    3.3818633556365967,
    3.378743886947632,
    3.3713290691375732,
    3.3645520210266113,
    3.3648881912231445,
    3.36038875579834,
    3.3571152687072754,
    3.3532395362854004,
    3.3481953144073486,
    3.3471832275390625,
    3.3410322666168213,
    3.3398473262786865,
    3.334291696548462,
    3.330827236175537,
    3.331813335418701,
    3.3277714252471924,
    3.3247294425964355,
    3.3190126419067383
  ],
  "val_loss": [
    4.674696922302246,
    3.790940761566162,
    3.143723964691162,
    2.697089672088623,
    2.3935706615448,
    2.1647796630859375,
    2.0031774044036865,
    1.8758727312088013,
    1.7606018781661987,
    1.6930296421051025,
    1.6295361518859863,
    1.5812296867370605,
    1.5431489944458008,
    1.4930611848831177,
    1.4474148750305176,
    1.4357166290283203,
    1.395868182182312,
    1.3755440711975098,
    1.355062484741211,
    1.3321954011917114,
    1.3063379526138306,
    1.2952518463134766,
    1.2908741235733032,
    1.2798210382461548,
    1.2632346153259277,
    1.238716721534729,
    1.2349132299423218,
    1.2309842109680176,
    1.2054548263549805,
    1.198479413986206,
    1.1934937238693237,
    1.1765631437301636,
    1.1747348308563232,
    1.1641768217086792,
    1.1587170362472534,
    1.1424715518951416,
    1.1357951164245605,
    1.1324779987335205,
    1.1238545179367065,
    1.1099685430526733,
    1.111396312713623,
    1.118960976600647,
    1.106117606163025,
    1.0893433094024658,
    1.0942021608352661,
    1.091747522354126,
    1.0732728242874146,
    1.077425479888916,
    1.0626548528671265,
    1.0639557838439941,
    1.0539538860321045,
    1.059908151626587,
    1.0531717538833618,
    1.042883038520813,
    1.0386489629745483,
    1.038413405418396,
    1.0358633995056152,
    1.0281239748001099,
    1.028398036956787,
    1.02132248878479
  ],
  "accuracy": [
    0.1538541316986084,
    0.1849055290222168,
    0.20074468851089478,
    0.21290336549282074,
    0.2239498347043991,
    0.23169498145580292,
    0.2381155788898468,
    0.2436211109161377,
    0.24744819104671478,
    0.251813679933548,
    0.2533177137374878,
    0.25611600279808044,
    0.2585098147392273,
    0.26078736782073975,
    0.2614673376083374,
    0.264083594083786,
    0.26575446128845215,
    0.2668161392211914,
    0.2672913670539856,
    0.2683555781841278,
    0.27036264538764954,
    0.2706027626991272,
    0.2724961042404175,
    0.2733075022697449,
    0.2736993134021759,
    0.27435654401779175,
    0.27471548318862915,
    0.27589091658592224,
    0.2775617837905884,
    0.2777387499809265,
    0.2777387499809265,
    0.2785627841949463,
    0.27903297543525696,
    0.2797483205795288,
    0.28059765696525574,
    0.2804308235645294,
    0.2812877595424652,
    0.2818034291267395,
    0.2819550931453705,
    0.2822735905647278,
    0.28266793489456177,
    0.28342121839523315,
    0.28350210189819336,
    0.2845637798309326,
    0.285468727350235,
    0.2854864299297333,
    0.2851148247718811,
    0.2857265770435333,
    0.2858276665210724,
    0.28661128878593445,
    0.286601185798645,
    0.28723061084747314,
    0.28787267208099365,
    0.2874808609485626,
    0.28838834166526794,
    0.28834283351898193,
    0.2880268692970276,
    0.2889646589756012,
    0.28845658898353577,
    0.2890986502170563
  ],
  "val_accuracy": [
    0.16616617143154144,
    0.23268723487854004,
    0.2987532913684845,
    0.36861860752105713,
    0.4263126850128174,
    0.47210848331451416,
    0.5048685073852539,
    0.5329420566558838,
    0.5556920766830444,
    0.5706843137741089,
    0.5870188474655151,
    0.5964601039886475,
    0.6094276309013367,
    0.6173218488693237,
    0.6286059021949768,
    0.6302893757820129,
    0.6365911364555359,
    0.64020836353302,
    0.648716926574707,
    0.6531076431274414,
    0.6589999198913574,
    0.6592274308204651,
    0.6605468988418579,
    0.6641414165496826,
    0.6678268909454346,
    0.6728546619415283,
    0.6722404360771179,
    0.672991156578064,
    0.6820229291915894,
    0.6822732090950012,
    0.6829329133033752,
    0.6873009204864502,
    0.690485954284668,
    0.6911684274673462,
    0.6911457180976868,
    0.6921467185020447,
    0.695786714553833,
    0.6955819725990295,
    0.698380172252655,
    0.703339695930481,
    0.7022704482078552,
    0.700404942035675,
    0.7018381953239441,
    0.7094594836235046,
    0.7064337134361267,
    0.7067749500274658,
    0.7117799520492554,
    0.7109154462814331,
    0.7135772109031677,
    0.7151469588279724,
    0.7142369747161865,
    0.7139184474945068,
    0.7155337333679199,
    0.7184457182884216,
    0.7192874550819397,
    0.7182864546775818,
    0.7215169668197632,
    0.7231094837188721,
    0.7224951982498169,
    0.7232914566993713
  ]
}